<?xml version="1.0"?>
<libraries>
    <library>
        <location>lib/google/loader.js</location>
        <name>Google Charts library loader</name>
        <version>47</version>
        <license>Apache</license>
        <licenseversion>2.0</licenseversion>
    </library>
    <library>
        <location>lib/materialize/js/materialize.min.js</location>
        <name>MaterializeCSS</name>
        <version>v0.100.2</version>
        <license>MIT</license>
        <licenseversion></licenseversion>
    </library>
    <library>
        <location>lib/materialize/css/materialize.min.css</location>
        <name>MaterializeCSS</name>
        <version>v0.100.2</version>
        <license>MIT</license>
        <licenseversion></licenseversion>
    </library>
    <library>
        <location>lib/plotly/plotly-latest.min.js</location>
        <name>Plotly</name>
        <version>v1.52.3</version>
        <license>MIT</license>
        <licenseversion></licenseversion>
    </library>
    <library>
        <location>lib/materialicons/icons.css</location>
        <name>Material Icons</name>
        <version></version>
        <license>Apache</license>
        <licenseversion>2.0</licenseversion>
    </library>
    <library>
        <location>lib/jquery/jquery.js</location>
        <name>JQuery</name>
        <version>v1.12.4</version>
        <license>MIT</license>
        <licenseversion></licenseversion>
    </library>
    <library>
        <location>lib/jquery/jquery-ui.css</location>
        <name>JQuery UI CSS</name>
        <version>v1.12.1</version>
        <license>MIT</license>
        <licenseversion></licenseversion>
    </library>
    <library>
        <location>lib/jquery/jquery-ui.js</location>
        <name>JQuery UI JS</name>
        <version>v1.12.1</version>
        <license>MIT</license>
        <licenseversion></licenseversion>
    </library>
    <library>
        <location>lib/jquery/jquery-ui-i18n.min.js</location>
        <name>JQuery UI i18n (datepicker language data)</name>
        <version>v1.11.1</version>
        <license>MIT</license>
        <licenseversion></licenseversion>
    </library>
</libraries>
